No.,email,password
1,15830344885@163.com,12345678
2,13410510045@163.com,12345678
3,livewanna2@gmail.com,12345678
4,livewanna3@gmail.com,12345678
5,livewanna4@gmail.com,12345678
6,livewanna5@gmail.com,12345678
7,livewanna6@gmail.com,12345678
8,livewanna7@gmail.com,12345678
9,livewanna8@gmail.com,12345678
10,livewanna9@gmail.com,12345678
11,livewanna10@gmail.com,12345678
12,livewanna11@gmail.com,12345678
13,livewanna12@gmail.com,12345678
14,livewanna13@gmail.com,12345678
15,livewanna14@gmail.com,12345678
16,livewanna15@gmail.com,12345678
17,livewanna16@gmail.com,12345678
18,livewanna17@gmail.com,12345678
19,livewanna18@gmail.com,12345678
20,livewanna19@gmail.com,12345678
21,livewanna20@gmail.com,12345678
22,livewanna21@gmail.com,12345678
23,livewanna22@gmail.com,12345678
24,livewanna23@gmail.com,12345678
25,livewanna24@gmail.com,12345678
26,livewanna25@gmail.com,12345678
27,livewanna26@gmail.com,12345678
28,livewanna27@gmail.com,12345678
29,livewanna28@gmail.com,12345678
30,livewanna29@gmail.com,12345678
31,livewanna30@gmail.com,12345678
32,livewanna31@gmail.com,12345678
33,livewanna32@gmail.com,12345678
34,livewanna33@gmail.com,12345678
35,livewanna34@gmail.com,12345678
36,livewanna35@gmail.com,12345678
37,livewanna36@gmail.com,12345678
38,livewanna37@gmail.com,12345678
39,livewanna38@gmail.com,12345678
40,livewanna39@gmail.com,12345678
41,livewanna40@gmail.com,12345678
42,livewanna41@gmail.com,12345678
43,livewanna42@gmail.com,12345678
44,livewanna43@gmail.com,12345678
45,livewanna44@gmail.com,12345678
46,livewanna45@gmail.com,12345678
47,livewanna46@gmail.com,12345678
48,livewanna47@gmail.com,12345678
49,livewanna48@gmail.com,12345678
50,livewanna49@gmail.com,12345678
51,livewanna50@gmail.com,12345678
52,livewanna51@gmail.com,12345678
53,livewanna52@gmail.com,12345678
54,livewanna53@gmail.com,12345678
55,livewanna54@gmail.com,12345678
56,livewanna55@gmail.com,12345678
57,livewanna56@gmail.com,12345678
58,livewanna57@gmail.com,12345678
59,livewanna58@gmail.com,12345678
60,livewanna59@gmail.com,12345678
61,livewanna60@gmail.com,12345678
62,livewanna61@gmail.com,12345678
63,livewanna62@gmail.com,12345678
64,livewanna63@gmail.com,12345678
65,livewanna64@gmail.com,12345678
66,livewanna65@gmail.com,12345678
67,livewanna66@gmail.com,12345678
68,livewanna67@gmail.com,12345678
69,livewanna68@gmail.com,12345678
70,livewanna69@gmail.com,12345678
71,livewanna70@gmail.com,12345678
72,livewanna71@gmail.com,12345678
73,livewanna72@gmail.com,12345678
74,livewanna73@gmail.com,12345678
75,livewanna74@gmail.com,12345678
76,livewanna75@gmail.com,12345678
77,livewanna76@gmail.com,12345678
78,livewanna77@gmail.com,12345678
79,livewanna78@gmail.com,12345678
80,livewanna79@gmail.com,12345678
81,livewanna80@gmail.com,12345678
82,livewanna81@gmail.com,12345678
83,livewanna82@gmail.com,12345678
84,livewanna83@gmail.com,12345678
85,livewanna84@gmail.com,12345678
86,livewanna85@gmail.com,12345678
87,livewanna86@gmail.com,12345678
88,livewanna87@gmail.com,12345678
89,livewanna88@gmail.com,12345678
90,livewanna89@gmail.com,12345678
91,livewanna90@gmail.com,12345678
92,livewanna91@gmail.com,12345678
93,livewanna92@gmail.com,12345678
94,livewanna93@gmail.com,12345678
95,livewanna94@gmail.com,12345678
96,livewanna95@gmail.com,12345678
97,livewanna96@gmail.com,12345678
98,livewanna97@gmail.com,12345678
99,livewanna98@gmail.com,12345678
100,livewanna99@gmail.com,12345678
101,livewanna100@gmail.com,12345678
102,livewanna101@gmail.com,12345678
103,livewanna102@gmail.com,12345678
104,livewanna103@gmail.com,12345678
105,livewanna104@gmail.com,12345678
106,livewanna105@gmail.com,12345678
107,livewanna106@gmail.com,12345678
108,livewanna107@gmail.com,12345678
109,livewanna108@gmail.com,12345678
110,livewanna109@gmail.com,12345678
111,livewanna110@gmail.com,12345678
112,livewanna111@gmail.com,12345678
113,livewanna112@gmail.com,12345678
114,livewanna113@gmail.com,12345678
115,livewanna114@gmail.com,12345678
116,livewanna115@gmail.com,12345678
117,livewanna116@gmail.com,12345678
118,livewanna117@gmail.com,12345678
119,livewanna118@gmail.com,12345678
120,livewanna119@gmail.com,12345678
121,livewanna120@gmail.com,12345678
122,livewanna121@gmail.com,12345678
123,livewanna122@gmail.com,12345678
124,livewanna123@gmail.com,12345678
125,livewanna124@gmail.com,12345678
126,livewanna125@gmail.com,12345678
127,livewanna126@gmail.com,12345678
128,livewanna127@gmail.com,12345678
129,livewanna128@gmail.com,12345678
130,livewanna129@gmail.com,12345678
131,livewanna130@gmail.com,12345678
132,livewanna131@gmail.com,12345678
133,livewanna132@gmail.com,12345678
134,livewanna133@gmail.com,12345678
135,livewanna134@gmail.com,12345678
136,livewanna135@gmail.com,12345678
137,livewanna136@gmail.com,12345678
138,livewanna137@gmail.com,12345678
139,livewanna138@gmail.com,12345678
140,livewanna139@gmail.com,12345678
141,livewanna140@gmail.com,12345678
142,livewanna141@gmail.com,12345678
143,livewanna142@gmail.com,12345678
144,livewanna143@gmail.com,12345678
145,livewanna144@gmail.com,12345678
146,livewanna145@gmail.com,12345678
147,livewanna146@gmail.com,12345678
148,livewanna147@gmail.com,12345678
149,livewanna148@gmail.com,12345678
150,livewanna149@gmail.com,12345678
151,livewanna150@gmail.com,12345678
152,livewanna151@gmail.com,12345678
153,livewanna152@gmail.com,12345678
154,livewanna153@gmail.com,12345678
155,livewanna154@gmail.com,12345678
156,livewanna155@gmail.com,12345678
157,livewanna156@gmail.com,12345678
158,livewanna157@gmail.com,12345678
159,livewanna158@gmail.com,12345678
160,livewanna159@gmail.com,12345678
161,livewanna160@gmail.com,12345678
162,livewanna161@gmail.com,12345678
163,livewanna162@gmail.com,12345678
164,livewanna163@gmail.com,12345678
165,livewanna164@gmail.com,12345678
166,livewanna165@gmail.com,12345678
167,livewanna166@gmail.com,12345678
168,livewanna167@gmail.com,12345678
169,livewanna168@gmail.com,12345678
170,livewanna169@gmail.com,12345678
171,livewanna170@gmail.com,12345678
172,livewanna171@gmail.com,12345678
173,livewanna172@gmail.com,12345678
174,livewanna173@gmail.com,12345678
175,livewanna174@gmail.com,12345678
176,livewanna175@gmail.com,12345678
177,livewanna176@gmail.com,12345678
178,livewanna177@gmail.com,12345678
179,livewanna178@gmail.com,12345678
180,livewanna179@gmail.com,12345678
181,livewanna180@gmail.com,12345678
182,livewanna181@gmail.com,12345678
183,livewanna182@gmail.com,12345678
184,livewanna183@gmail.com,12345678
185,livewanna184@gmail.com,12345678
186,livewanna185@gmail.com,12345678
187,livewanna186@gmail.com,12345678
188,livewanna187@gmail.com,12345678
189,livewanna188@gmail.com,12345678
190,livewanna189@gmail.com,12345678
191,livewanna190@gmail.com,12345678
192,livewanna191@gmail.com,12345678
193,livewanna192@gmail.com,12345678
194,livewanna193@gmail.com,12345678
195,livewanna194@gmail.com,12345678
196,livewanna195@gmail.com,12345678
197,livewanna196@gmail.com,12345678
198,livewanna197@gmail.com,12345678
199,livewanna198@gmail.com,12345678
200,livewanna199@gmail.com,12345678
